Apple,Bread,Butter,Cheese,Corn,Dill,Eggs,Ice cream,Kidney Beans,Milk,Nutmeg,Onion,Sugar,Unicorn,Yogurt,chocolate
0,1,0,0,1,1,0,1,0,0,0,0,1,0,1,1
0,0,0,0,0,0,0,0,0,1,0,0,0,0,0,0
1,0,1,0,0,1,0,1,0,1,0,0,0,0,1,1
0,0,1,1,0,1,0,0,0,1,1,1,0,0,0,0
1,1,0,0,0,0,0,0,0,0,0,0,0,0,0,0
1,1,1,1,0,1,0,1,0,0,1,0,0,1,1,1
0,0,1,0,0,0,1,1,1,1,1,1,0,0,1,0
1,0,0,1,0,0,1,0,0,0,1,0,1,0,1,0
1,0,0,0,1,1,1,1,0,1,1,1,1,1,1,1
1,0,0,0,0,1,1,1,0,1,0,1,1,1,0,1
1,1,0,1,0,0,0,1,0,0,0,0,1,1,0,0
1,1,0,1,0,1,1,1,1,0,1,0,1,0,1,1
0,0,0,0,0,0,0,0,0,0,0,1,0,1,0,1
0,0,0,0,0,0,0,1,0,0,0,0,1,0,1,0
0,0,1,0,0,0,0,0,1,0,0,0,0,0,0,0
0,0,0,0,0,0,0,0,0,0,0,0,0,0,1,0
1,1,1,1,0,0,0,1,0,0,1,0,1,0,0,0
1,0,0,0,0,0,1,0,0,0,0,0,0,0,1,1
0,1,0,1,0,0,0,0,1,0,0,0,1,0,0,0
0,1,0,0,1,0,0,1,1,1,1,0,1,1,0,0
1,0,0,1,0,0,0,1,0,0,0,0,1,1,0,0
1,0,1,1,0,0,0,0,1,0,0,0,0,1,1,0
0,1,0,1,0,1,1,1,1,1,0,0,0,1,1,1
0,1,1,1,0,0,1,1,1,0,0,0,1,1,0,1
0,1,0,0,1,0,1,0,1,1,1,1,0,1,1,0
0,1,1,0,0,0,1,0,0,1,0,0,0,0,1,1
0,1,1,1,1,0,0,0,1,1,0,0,0,1,0,1
0,1,1,0,0,0,0,0,0,0,0,0,0,0,0,0
0,1,1,0,0,0,0,0,1,1,1,0,0,1,1,1
1,1,0,0,0,0,0,1,0,0,0,1,0,0,1,0
0,0,0,0,1,1,0,0,0,1,0,0,0,1,0,1
1,1,1,0,0,1,0,0,0,1,0,0,0,1,1,0
0,0,0,1,0,0,1,0,1,0,0,0,0,0,0,0
0,0,0,0,0,1,0,0,0,1,1,0,1,0,0,0
0,1,0,0,0,1,0,1,0,0,0,1,0,0,0,1
0,0,0,1,0,1,1,0,0,0,0,1,0,1,0,1
1,0,0,1,1,1,0,1,1,0,1,1,0,1,1,1
0,0,0,0,1,0,1,1,0,1,1,0,0,0,0,1
0,0,1,0,0,0,0,0,1,0,0,0,1,0,0,0
0,1,0,1,1,0,1,1,0,0,1,0,0,0,1,0
1,1,1,1,1,0,1,0,1,0,0,0,0,1,0,1
0,1,1,0,0,0,0,0,0,0,0,0,0,0,1,1
0,1,0,0,0,0,0,0,0,0,0,1,0,0,0,0
1,1,0,0,1,1,0,1,1,1,0,1,0,0,0,1
0,0,0,0,0,0,0,1,0,0,0,0,1,0,0,0
0,1,0,0,1,1,1,1,0,1,0,0,0,1,0,0
0,0,0,0,0,0,0,0,0,0,0,1,0,0,0,0
1,0,0,0,0,0,0,0,0,0,0,1,0,0,0,1
0,1,0,0,0,1,0,0,0,0,0,0,1,0,1,1
0,1,1,1,0,1,1,0,0,0,1,1,1,0,0,0
1,0,1,1,1,1,0,0,1,1,0,0,0,1,0,1
1,1,1,0,0,0,0,0,0,0,0,1,1,1,0,1
1,0,0,0,1,0,1,1,1,0,1,0,1,1,0,0
0,0,0,0,0,1,0,0,0,0,0,0,1,1,0,0
1,0,0,0,0,0,0,0,0,0,0,0,0,0,0,0
0,1,0,0,0,0,0,1,0,0,1,0,0,1,0,0
0,1,0,0,1,1,0,0,1,1,1,0,0,0,1,1
0,0,0,0,0,0,0,1,1,0,0,0,0,0,1,0
1,0,0,1,0,1,0,1,1,1,1,0,0,0,0,0
0,0,0,0,0,0,0,0,0,0,0,0,0,0,1,1
1,0,0,0,0,0,0,0,0,1,0,1,0,0,0,1
1,1,0,1,0,0,0,0,1,1,1,0,1,0,1,0
0,1,1,1,1,1,1,0,0,1,1,0,0,0,1,1
0,0,0,0,0,0,0,0,0,0,0,0,0,0,1,0
0,0,0,0,0,0,0,1,0,1,0,1,1,1,0,1
1,1,0,0,1,1,1,1,0,1,0,1,1,1,1,0
1,0,1,0,1,0,0,1,1,0,1,1,1,0,1,1
0,1,0,1,0,1,0,1,1,1,0,1,1,1,1,1
0,0,0,0,0,0,0,0,0,0,0,0,0,1,0,0
0,1,0,1,1,1,1,0,0,1,0,0,0,0,1,0
0,0,0,0,0,1,0,1,0,0,0,0,1,1,0,1
0,1,0,0,0,1,1,1,1,0,0,0,0,0,1,1
1,0,0,0,1,0,1,0,1,0,1,0,1,0,0,1
0,0,1,0,1,0,0,1,0,0,1,1,1,1,1,1
0,0,0,0,0,0,0,0,0,0,0,1,0,0,0,0
1,1,0,1,1,1,0,1,0,1,0,0,0,1,0,1
1,0,0,0,0,0,1,1,0,0,1,0,0,0,0,0
1,1,1,0,0,1,0,0,0,0,1,1,0,0,1,1
0,0,0,1,0,1,0,1,1,0,1,1,1,0,0,1
0,0,1,1,0,0,0,1,0,0,1,0,0,0,0,0
0,0,0,1,0,0,1,0,0,0,0,1,0,1,1,0
0,1,1,1,0,1,1,0,0,0,0,1,0,1,1,0
1,0,1,0,1,0,0,0,0,0,0,0,1,0,0,0
1,0,0,0,0,0,0,0,0,0,0,0,0,0,0,0
1,1,1,1,1,0,0,1,1,1,1,0,0,1,1,0
1,0,1,0,0,0,0,0,0,1,0,1,1,0,1,1
1,0,0,0,1,1,0,0,1,1,1,0,0,0,0,1
0,0,1,0,0,0,1,0,1,0,1,1,1,1,1,0
1,0,0,1,0,1,0,1,0,0,0,0,0,0,0,1
1,0,0,1,1,1,1,0,1,0,1,1,1,1,1,1
1,1,1,0,1,1,0,0,1,0,1,1,1,1,1,1
0,0,0,1,1,1,1,1,1,1,1,1,0,0,1,1
1,0,1,0,1,1,0,0,0,0,0,1,1,1,1,1
0,1,1,1,1,0,1,1,0,0,1,1,0,0,1,1
1,0,0,0,0,1,0,0,0,1,1,1,0,0,1,0
0,1,0,0,1,1,0,0,0,1,0,1,0,0,0,0
1,0,1,0,1,1,0,0,1,0,1,0,0,0,1,0
0,0,0,0,0,0,0,0,0,0,0,0,0,0,1,0
1,0,1,0,1,0,1,0,1,1,0,1,1,1,1,0
0,1,1,1,1,0,1,0,1,1,0,1,1,0,1,1
0,1,0,0,0,0,1,0,0,0,0,0,0,0,0,0
0,1,1,1,0,0,0,1,0,1,0,0,1,0,0,1
0,0,0,1,0,0,1,0,0,0,0,0,1,0,1,1
0,1,0,0,0,0,0,0,0,0,0,0,0,1,0,0
0,1,0,1,0,0,1,1,0,0,1,1,1,1,0,0
0,0,0,0,1,0,1,0,0,1,0,0,0,0,0,0
1,0,0,1,0,1,1,0,1,0,0,1,0,1,0,1
0,0,0,0,0,0,0,0,1,0,0,0,0,1,1,0
0,0,0,0,0,0,0,0,0,0,0,0,0,0,1,0
0,0,0,0,0,0,0,0,0,0,1,0,0,0,0,0
1,0,0,1,1,1,0,0,0,1,1,1,0,0,1,0
1,1,1,1,1,1,0,0,0,0,0,1,1,1,1,1
1,1,0,0,1,0,1,1,1,1,1,0,0,0,0,1
0,0,1,0,0,0,1,0,1,1,1,1,0,0,0,0
1,1,0,1,0,1,1,0,0,0,1,1,1,0,1,0
1,0,0,1,0,0,1,0,1,0,0,0,0,0,0,0
0,1,1,0,1,0,1,1,0,0,0,1,1,1,0,0
1,1,1,1,0,0,0,0,0,1,0,1,1,0,0,1
1,0,0,1,1,1,0,1,0,0,0,0,1,0,1,0
0,0,0,0,1,0,1,0,0,0,1,1,0,1,1,1
0,0,1,1,0,1,0,1,0,0,0,0,1,0,0,0
0,0,0,1,0,0,0,0,0,0,1,1,0,0,1,0
0,0,1,0,1,0,0,1,1,0,0,0,0,1,1,0
0,1,0,0,1,1,1,0,1,0,1,0,0,0,1,1
0,0,0,1,0,0,0,0,0,0,0,0,0,0,0,0
0,1,1,0,0,1,1,0,0,0,0,0,0,0,1,0
1,0,0,0,0,0,0,1,0,0,0,1,0,0,1,1
0,0,0,0,0,0,0,0,1,0,1,0,1,0,0,1
1,0,1,1,1,0,1,0,0,1,1,1,1,1,1,0
0,1,1,0,1,0,0,1,1,1,1,1,1,0,1,1
1,0,1,0,0,0,0,0,0,0,0,0,0,1,1,1
1,1,1,0,0,1,0,0,0,1,1,0,1,0,0,1
1,0,0,1,0,1,1,0,0,0,1,1,1,1,1,0
0,0,0,1,0,1,1,0,1,1,1,0,0,1,0,1
0,0,0,0,0,0,0,0,1,0,1,0,1,0,0,0
0,0,1,1,1,1,0,1,1,0,1,1,0,0,1,0
0,1,1,0,0,1,1,1,0,1,0,1,0,1,1,1
1,0,0,0,1,1,1,0,0,1,0,0,0,0,1,1
0,0,0,0,0,0,0,0,1,0,0,0,0,0,0,0
0,0,0,1,1,0,0,0,1,1,0,1,0,0,0,0
1,0,1,1,1,1,0,1,1,1,1,0,1,1,0,1
1,1,1,0,1,0,0,0,0,1,1,0,0,1,1,0
0,0,0,1,0,1,1,0,0,0,0,0,0,1,0,0
1,1,0,0,1,0,1,1,1,0,0,1,1,0,1,0
0,0,0,0,0,0,0,0,1,1,1,0,1,1,1,0
0,1,1,1,1,0,0,0,1,1,1,1,1,1,0,0
0,0,0,0,0,1,0,1,0,1,0,1,1,0,0,0
0,0,0,0,1,1,0,1,1,0,1,0,1,1,0,1
1,1,0,1,0,0,1,0,0,0,0,0,0,0,0,1
0,0,0,0,0,0,1,0,0,0,1,0,1,1,1,0
1,1,1,0,1,0,0,1,0,0,1,1,1,1,1,0
0,0,0,1,1,0,0,1,1,0,1,0,1,0,1,0
0,0,0,0,0,0,0,0,1,0,0,0,0,0,0,0
0,0,0,0,0,0,0,0,0,0,0,0,0,1,0,0
0,0,0,1,0,0,0,0,1,1,0,0,1,1,0,0
0,0,0,0,1,0,0,0,1,0,0,0,1,1,0,0
0,1,1,0,1,0,0,0,1,0,0,0,0,0,1,0
1,0,1,0,0,1,1,1,1,1,0,1,1,0,1,0
0,0,0,0,1,0,0,0,0,0,0,0,0,0,0,0
1,0,0,0,1,0,0,0,0,1,1,0,1,0,0,0
0,0,0,0,0,1,0,0,0,0,0,0,0,0,0,0
0,0,0,0,1,0,1,1,1,0,1,0,0,1,0,1
0,0,0,0,0,0,1,0,1,1,1,0,1,1,0,0
0,0,1,0,1,1,1,1,0,1,0,1,1,1,1,1
1,0,1,0,1,1,1,1,0,0,0,0,1,1,0,1
0,0,0,0,0,0,0,0,0,0,0,0,0,0,1,0
1,1,1,1,1,0,1,1,1,0,1,0,1,1,0,1
0,1,0,0,0,1,0,0,0,0,1,1,0,1,1,0
0,0,0,0,0,0,0,1,0,0,0,0,0,0,0,0
1,1,0,0,0,0,0,0,0,0,0,0,0,0,0,0
0,1,1,0,0,0,1,1,1,0,1,0,1,0,0,1
1,0,1,1,0,1,0,1,1,0,1,0,1,1,1,0
0,0,0,0,0,0,0,0,0,0,0,1,0,0,0,1
0,1,0,0,0,0,1,0,0,0,0,0,1,0,0,1
0,1,0,1,0,0,0,0,0,0,0,1,0,0,0,1
0,0,1,1,0,0,0,0,0,0,1,0,0,0,0,0
0,0,1,1,0,1,1,0,1,1,1,0,0,1,1,0
0,1,0,1,1,0,0,0,0,1,1,0,1,0,1,1
0,1,0,0,0,0,0,0,1,0,0,0,0,0,0,0
0,0,0,0,0,0,0,1,0,1,0,0,0,0,0,1
0,0,1,1,1,1,0,0,0,1,0,0,1,1,0,1
1,0,1,1,0,0,1,0,0,0,0,1,1,0,1,1
0,0,0,0,0,1,0,0,0,0,1,0,0,0,0,0
1,1,1,0,1,0,1,0,1,1,1,1,0,1,1,1
0,0,1,0,0,0,0,0,0,0,1,0,0,0,0,1
0,0,1,1,0,0,0,1,1,1,1,1,0,1,1,1
1,0,1,1,0,1,1,1,1,1,1,1,0,1,1,1
0,0,0,0,1,0,0,1,0,0,1,1,0,1,1,1
1,0,1,1,1,1,0,0,1,0,0,0,1,1,1,0
1,1,0,0,1,1,0,0,1,1,1,0,1,1,1,1
1,0,0,1,1,0,0,1,1,0,0,0,0,0,1,0
1,0,0,1,0,0,0,0,0,1,0,0,0,0,0,0
1,1,1,1,0,1,0,1,0,0,1,1,1,0,0,1
0,0,0,1,1,0,1,0,1,0,0,1,0,1,1,0
0,0,1,1,0,1,1,1,0,0,0,1,0,1,0,1
0,0,0,0,1,1,0,0,0,1,0,0,0,0,0,0
1,1,0,1,1,1,1,0,0,1,0,1,1,1,0,0
0,1,1,1,0,0,1,0,1,1,1,1,0,0,0,0
1,0,0,0,0,0,0,1,0,1,0,0,0,0,0,1
0,0,1,1,0,1,0,1,1,1,0,0,1,0,1,0
0,0,0,0,0,1,0,1,0,0,1,1,0,0,0,1
0,0,1,0,0,0,0,1,0,1,0,0,1,1,0,1
0,1,1,0,0,1,1,1,1,1,0,1,0,1,0,0
0,0,0,0,0,0,0,1,0,0,0,0,0,1,0,0
0,1,0,1,0,1,1,1,1,0,0,0,0,1,1,0
1,0,0,0,1,0,0,0,0,0,0,0,1,0,0,0
0,0,0,1,1,0,0,0,0,1,0,0,1,0,1,1
0,0,0,1,0,0,0,0,1,0,1,1,1,1,0,0
0,0,0,0,0,0,0,0,0,0,1,0,1,1,1,0
0,1,1,1,0,1,0,1,0,0,1,1,0,1,0,1
1,1,1,0,1,1,1,1,1,0,0,0,1,0,1,0
1,1,1,0,1,0,0,1,1,0,0,0,0,0,0,1
0,1,1,1,0,0,1,0,0,1,1,0,0,0,1,1
0,0,0,0,0,0,1,0,0,0,0,0,0,0,0,0
0,0,1,0,0,0,1,0,1,1,0,1,0,0,1,1
0,0,1,0,0,1,0,0,0,0,1,0,1,1,0,1
0,1,1,1,1,0,1,1,0,1,1,1,0,0,0,1
1,0,0,0,1,0,1,1,0,0,1,0,0,0,0,0
1,1,0,0,0,1,0,0,0,0,1,0,1,1,0,0
0,0,0,0,0,1,0,0,0,0,0,1,0,0,0,0
0,0,0,0,0,0,1,1,0,0,1,1,0,0,0,1
1,1,0,0,0,0,1,0,1,1,1,1,1,0,1,0
0,0,0,1,0,0,1,0,1,0,0,0,0,0,0,1
0,1,1,0,0,1,0,0,0,0,1,1,0,0,1,1
1,0,1,1,1,1,1,1,1,1,1,0,1,1,0,0
1,0,1,0,0,0,1,1,0,1,0,0,1,0,0,0
0,0,0,1,1,0,1,0,0,0,0,0,1,1,1,0
0,1,0,0,0,0,0,0,0,0,0,0,0,1,0,0
1,0,1,1,1,1,1,1,0,0,1,1,1,1,0,0
1,0,0,0,1,0,0,0,0,0,0,0,0,0,0,0
0,1,0,0,1,1,0,0,0,1,0,0,0,0,0,1
1,0,0,1,1,1,0,0,0,0,1,0,1,0,0,0
0,0,1,0,0,0,0,1,0,1,0,0,0,0,1,1
0,0,0,1,1,0,0,0,0,0,1,0,1,0,0,0
1,1,0,0,0,0,0,0,0,0,0,0,0,0,0,0
0,0,0,0,0,1,0,0,0,0,0,0,0,0,0,0
0,0,0,0,0,0,0,1,0,0,1,0,1,1,0,0
0,0,0,0,1,0,0,0,0,0,0,1,0,0,0,0
1,1,1,1,1,0,0,1,1,1,1,1,1,0,1,1
0,1,1,0,1,0,0,0,0,0,0,0,0,1,1,0
0,1,0,0,0,0,0,0,0,0,0,0,0,1,1,0
1,1,0,0,1,1,0,0,0,1,0,0,0,0,0,1
0,0,0,0,0,1,0,0,0,0,0,0,0,0,0,0
1,0,1,1,0,0,0,1,1,1,0,0,1,1,1,1
0,1,0,0,0,1,1,1,0,0,0,0,1,0,0,0
1,0,0,1,1,0,0,0,0,1,1,1,0,1,1,1
0,0,1,0,1,0,0,0,1,0,0,1,0,0,0,0
1,0,0,0,1,1,0,0,0,0,1,1,0,0,0,0
0,1,0,1,0,0,1,0,0,1,1,0,0,1,0,0
1,0,1,1,0,0,0,1,1,1,0,0,0,0,0,1
0,0,1,0,1,1,1,1,0,0,1,1,0,0,1,1
1,1,1,1,0,0,0,1,1,0,0,1,1,0,0,0
0,0,1,0,0,0,0,0,0,0,0,0,0,0,0,0
0,1,1,0,0,1,0,0,0,0,1,0,0,1,1,0
0,1,0,0,1,0,0,0,0,0,0,0,0,0,1,0
1,0,1,0,1,1,0,1,1,1,1,1,0,0,0,1
0,0,0,0,1,0,0,0,0,0,0,0,0,0,1,0
1,0,1,1,1,0,0,1,1,0,1,0,1,1,0,1
0,0,0,1,0,0,0,0,0,0,0,0,0,0,0,0
0,0,1,0,0,0,0,1,1,1,0,0,1,1,0,1
0,0,0,0,1,0,1,0,1,1,1,0,0,0,0,0
1,0,0,1,1,1,0,0,1,1,0,1,1,1,0,1
1,1,1,1,1,1,1,1,0,0,0,1,0,1,0,0
1,0,0,1,1,1,1,0,0,0,1,1,1,1,0,1
0,0,0,0,1,1,0,0,0,0,0,0,0,0,0,0
1,0,0,0,0,0,0,0,0,0,0,0,0,0,0,0
0,0,1,0,0,0,0,1,1,0,0,0,0,0,0,0
1,1,0,1,1,1,1,0,1,1,0,1,1,1,1,0
0,1,0,1,1,0,0,1,1,0,1,0,1,1,1,1
0,0,0,0,0,0,0,0,1,0,0,0,0,0,0,0
1,1,0,0,1,0,0,0,0,1,1,1,0,0,1,0
0,1,1,1,1,0,1,0,0,0,1,1,0,0,1,1
0,0,0,0,1,0,0,0,1,1,0,0,0,1,0,0
1,1,0,1,0,0,0,1,0,0,1,1,0,1,0,0
0,0,0,1,0,1,0,0,1,0,1,1,1,0,0,0
1,0,1,0,1,1,0,0,1,1,0,1,0,1,0,0
1,1,1,0,1,0,1,1,0,0,0,0,1,1,1,0
0,0,1,1,0,0,1,1,1,0,0,1,0,1,1,0
0,1,1,0,1,0,0,0,0,1,0,0,0,1,1,0
1,1,1,0,1,0,0,1,0,0,0,0,1,1,1,0
0,0,0,0,1,1,0,1,0,1,1,1,0,0,0,0
0,1,1,0,1,0,1,0,1,0,0,1,1,0,1,1
0,1,1,1,0,0,0,0,0,0,0,1,1,0,1,0
0,0,1,1,1,0,0,1,0,1,0,0,0,1,1,0
1,1,1,0,1,0,1,1,0,0,1,1,1,0,0,1
0,0,0,0,0,0,1,0,0,0,0,0,0,1,1,0
1,0,1,0,0,0,1,0,1,0,1,0,1,0,1,0
1,1,0,0,0,1,1,1,0,1,1,0,1,0,1,1
1,1,1,0,0,1,0,0,1,1,1,1,0,1,0,1
0,1,0,1,0,1,0,0,0,1,0,1,0,0,0,1
0,0,1,1,1,0,1,1,1,0,0,0,0,0,1,1
1,1,0,0,0,1,0,0,0,1,0,1,1,1,0,1
0,0,1,1,0,1,1,0,1,0,1,0,0,1,0,1
0,0,1,0,1,0,1,0,1,0,1,1,0,0,1,1
0,0,1,1,1,1,0,1,1,1,0,1,0,0,0,1
1,0,1,1,0,0,0,0,0,0,0,0,1,1,1,1
1,0,0,1,1,0,0,0,0,0,0,0,0,0,0,1
0,0,0,1,1,1,0,1,0,0,1,1,0,1,1,1
1,0,0,0,1,0,0,0,1,0,0,0,0,0,0,0
1,0,0,1,0,0,1,1,1,1,0,1,1,1,1,1
0,1,0,1,0,1,1,0,1,0,1,0,1,0,1,1
0,1,0,1,0,0,0,0,0,0,0,0,0,0,0,1
1,0,0,1,1,1,1,1,0,0,0,1,1,0,1,0
0,1,0,0,1,0,1,0,0,0,1,1,0,1,0,1
0,0,0,1,1,0,0,1,0,0,1,0,1,0,0,0
0,0,0,0,0,1,0,0,1,0,0,0,0,0,0,0
1,0,1,0,0,0,1,0,1,1,1,0,1,0,1,0
1,0,1,0,1,0,1,0,0,1,1,1,1,0,1,1
1,0,1,1,1,0,0,1,1,0,0,1,0,1,0,0
0,0,0,0,1,1,0,1,0,1,0,0,1,1,0,1
1,0,0,0,0,1,0,1,1,0,0,0,0,0,0,1
1,0,1,1,0,1,1,0,0,1,0,0,1,0,0,1
0,0,1,0,1,1,0,1,1,1,1,0,1,0,1,0
1,1,1,1,0,1,1,0,0,1,0,1,1,0,0,0
1,1,0,0,1,1,1,1,0,1,0,1,1,1,1,1
1,1,1,1,1,1,1,1,1,1,0,0,0,0,1,1
1,0,1,1,0,0,1,0,1,0,1,1,0,0,0,0
0,1,0,1,1,0,0,0,1,1,0,0,1,0,1,0
0,0,0,0,1,0,1,0,0,0,0,0,0,1,1,1
0,0,0,1,0,1,0,1,1,0,0,0,1,0,1,1
0,1,0,1,1,1,0,1,1,0,0,1,0,0,0,0
0,0,0,0,0,1,1,0,0,0,0,1,0,1,0,1
0,0,0,0,0,1,0,0,0,0,0,1,0,0,1,0
0,0,1,1,1,1,1,1,1,1,1,1,0,1,1,0
0,0,1,0,0,1,1,1,0,0,1,0,0,0,0,1
1,0,1,0,0,0,1,0,0,1,1,1,1,1,0,0
1,1,1,0,1,0,1,1,0,0,1,1,1,1,1,1
0,0,0,0,1,1,1,1,1,1,0,1,0,0,1,0
1,0,1,0,1,0,0,0,1,1,0,1,0,1,0,0
0,1,0,0,0,1,0,0,1,0,0,1,1,1,1,0
1,0,1,1,0,0,0,0,1,0,0,0,1,0,0,0
0,0,0,1,0,0,0,1,0,0,0,1,0,0,1,0
0,1,1,0,0,1,0,1,0,1,1,1,1,0,0,1
0,0,1,1,0,0,0,1,1,0,1,0,0,1,1,0
1,0,1,0,1,0,0,1,1,0,0,1,1,1,0,0
1,1,0,1,1,0,1,0,1,1,0,0,0,1,0,0
0,0,0,1,0,0,0,0,0,1,1,0,1,1,1,1
0,1,0,1,0,0,0,0,0,0,0,0,0,0,0,1
1,0,1,1,1,1,0,0,1,0,0,1,0,1,1,1
1,0,0,0,1,0,0,1,0,0,1,1,1,0,1,0
0,1,1,0,0,1,0,0,0,1,1,1,1,0,0,0
0,0,1,1,1,0,1,1,0,1,0,1,0,0,0,0
0,0,0,0,0,0,1,1,1,1,0,0,1,1,1,0
1,0,1,1,0,1,0,0,1,1,0,0,1,0,1,1
1,0,0,0,0,0,0,1,0,1,0,0,0,1,0,0
0,0,1,0,0,0,0,0,1,1,0,0,0,0,0,0
1,0,0,1,1,0,1,0,0,1,1,1,0,1,1,0
0,1,0,0,1,0,0,0,1,1,0,0,1,0,0,1
0,0,0,1,1,0,0,0,1,0,0,1,0,0,0,0
0,1,0,1,1,1,0,0,1,1,0,0,1,1,1,1
1,1,1,1,0,0,0,1,0,1,0,0,1,0,1,1
1,0,1,0,0,1,1,1,1,1,1,0,1,1,0,1
1,0,0,0,0,0,1,0,0,0,0,0,0,0,0,0
0,1,0,0,0,1,1,1,0,1,1,1,1,1,1,0
1,1,1,1,0,0,1,0,0,1,1,0,0,0,1,0
0,0,1,1,1,1,0,0,1,0,0,1,0,0,1,1
0,0,0,0,1,0,0,0,0,0,0,0,0,0,0,0
0,0,1,1,0,1,0,1,0,1,1,0,1,0,0,1
1,1,1,0,1,0,0,0,0,0,1,1,1,0,1,0
0,0,1,0,1,0,1,0,1,1,1,0,1,1,0,1
1,0,1,0,1,1,0,1,1,0,0,0,1,0,0,1
0,0,0,0,1,0,1,0,0,0,1,0,0,0,1,0
1,0,1,1,1,1,1,0,1,0,1,1,0,0,1,0
1,0,1,1,1,0,0,1,1,0,1,0,1,1,0,1
1,0,0,0,0,0,0,0,0,0,0,1,0,0,0,0
0,0,0,0,0,0,0,0,0,0,0,0,1,0,0,0
0,0,0,0,0,1,1,0,0,0,0,0,1,0,0,0
0,1,1,0,0,0,0,0,0,1,1,0,0,0,0,0
0,1,1,1,1,1,1,1,0,1,0,1,1,1,0,0
0,1,1,1,1,0,0,1,1,1,1,0,0,0,1,1
0,0,0,0,1,1,0,1,0,0,0,0,0,1,0,0
0,1,0,1,0,0,0,0,1,1,0,0,0,1,0,0
1,0,0,0,0,0,0,1,1,1,1,0,0,1,1,0
0,1,1,0,0,0,1,0,1,0,0,0,1,1,0,0
0,0,0,0,1,0,0,0,0,0,1,0,0,1,0,0
1,0,0,1,1,0,1,0,1,1,0,0,0,0,1,1
1,1,0,1,1,0,1,1,0,0,0,1,1,1,0,1
1,1,1,1,0,1,1,0,1,0,0,1,0,0,1,1
0,1,1,0,0,0,0,1,1,0,0,0,1,1,1,0
1,1,1,0,1,0,1,1,0,0,1,1,1,1,0,1
0,0,1,1,0,1,1,0,1,1,1,1,0,0,0,0
0,0,0,1,1,0,0,0,0,1,0,0,0,1,1,0
0,1,1,1,1,1,1,0,1,0,0,1,1,1,0,1
0,0,1,1,1,1,1,1,1,0,1,1,1,1,1,1
0,0,1,0,1,0,0,0,0,1,0,0,1,1,1,0
1,1,1,1,1,0,1,0,0,0,1,1,1,0,1,1
1,1,0,0,1,0,0,0,0,0,0,0,0,0,1,0
0,0,0,1,0,0,0,1,1,0,1,0,0,0,0,0
0,1,0,1,1,1,0,1,0,1,0,1,1,0,1,1
1,0,0,0,0,1,1,1,0,0,1,0,1,0,0,1
0,0,0,0,0,1,0,0,0,0,0,1,1,0,0,1
1,1,1,1,0,0,0,1,0,0,1,1,0,1,1,0
0,0,0,1,0,1,1,1,1,0,0,1,0,0,0,1
0,0,1,1,0,0,0,1,1,1,0,1,1,0,1,0
0,1,0,1,0,0,0,1,1,0,1,0,1,1,1,0
1,0,0,0,1,1,0,1,1,0,1,0,0,0,1,1
0,0,0,0,0,1,0,0,0,0,0,0,0,0,1,0
0,1,1,0,0,1,1,0,1,0,1,1,0,1,1,0
1,0,0,0,0,0,0,0,0,0,0,0,0,0,0,0
0,0,1,0,0,1,0,0,1,1,1,0,1,1,1,1
0,1,0,0,1,0,0,1,0,0,0,1,1,0,0,0
1,0,0,0,0,0,1,1,0,1,0,1,1,0,1,0
0,1,1,1,1,0,1,0,1,1,1,1,0,1,1,0
0,0,1,1,0,0,0,1,0,0,0,0,1,0,1,1
1,1,1,0,0,1,0,0,1,1,1,1,1,0,1,0
0,0,0,0,0,0,1,0,0,0,0,0,1,0,1,0
1,1,1,1,0,1,0,1,0,0,1,1,0,1,0,0
0,0,0,0,0,0,1,1,0,1,1,1,1,0,0,1
0,0,0,1,0,0,0,0,0,0,0,0,0,0,0,0
0,0,0,0,0,1,0,1,1,1,1,1,1,1,0,1
0,0,1,1,1,1,1,1,0,1,1,1,0,1,0,1
0,0,0,0,1,0,1,1,1,0,1,1,0,0,1,1
0,0,0,0,0,0,0,1,0,0,0,0,0,0,1,1
0,1,1,0,0,0,1,1,0,1,0,1,0,1,1,1
1,0,1,1,1,0,0,1,0,0,1,0,0,1,0,0
0,0,1,1,0,0,0,0,0,1,0,0,0,1,0,0
0,1,0,0,1,0,1,1,1,0,0,1,0,0,1,0
0,0,0,0,0,1,0,0,0,1,0,0,0,0,0,0
1,0,0,0,0,0,0,1,0,1,0,1,1,0,1,1
0,0,1,0,1,0,0,0,1,1,0,1,1,1,1,0
0,0,0,1,1,0,0,0,0,0,1,1,0,1,1,1
1,0,1,0,0,1,0,0,0,1,1,0,1,0,1,0
1,1,1,1,0,0,1,1,0,0,1,1,1,0,1,0
1,0,1,0,1,0,1,0,0,0,1,0,1,1,0,0
1,0,0,0,0,0,0,0,0,0,0,0,0,0,0,0
1,1,0,1,1,1,0,1,1,1,1,1,1,1,0,0
1,0,0,0,0,1,1,0,0,0,1,1,1,0,0,0
1,0,0,0,1,0,0,0,1,0,0,0,0,1,1,1
0,1,0,1,0,1,0,0,0,0,0,0,0,0,1,0
0,1,1,1,0,0,0,1,1,1,1,1,1,0,1,0
0,0,0,1,1,1,1,0,1,0,1,1,0,0,0,0
0,0,1,1,1,1,0,1,0,0,1,1,0,1,0,1
1,0,1,1,0,0,0,1,0,1,1,1,1,0,0,1
0,1,1,1,0,0,0,0,0,1,0,1,1,1,0,0
1,1,0,0,0,0,1,1,1,1,0,1,1,1,1,0
1,0,0,0,0,1,0,0,0,0,0,1,1,0,1,1
1,0,0,0,0,0,0,1,0,1,1,0,0,0,1,1
1,0,1,0,1,1,1,0,0,1,0,0,1,0,1,0
1,0,1,0,0,1,0,1,0,0,0,0,0,0,0,0
0,0,0,0,0,0,1,0,0,0,0,0,0,1,0,0
0,0,0,0,0,1,0,0,0,1,0,1,1,0,1,1
0,1,1,0,0,1,0,1,1,1,0,1,0,0,0,0
1,1,1,1,1,0,1,0,1,1,1,0,1,1,0,0
0,0,0,0,0,1,0,0,0,0,0,0,0,0,1,0
0,0,1,0,1,0,0,0,0,0,0,1,1,0,0,0
1,0,1,0,0,1,0,0,0,1,0,1,1,1,1,1
1,1,1,1,1,0,1,1,0,0,1,1,1,0,0,0
0,0,0,1,0,0,0,0,0,0,0,0,0,0,0,0
0,0,0,1,1,1,1,1,0,0,0,0,0,1,1,0
1,0,0,1,1,0,1,1,0,1,0,1,0,0,0,0
0,1,0,1,0,1,0,1,0,1,1,0,1,0,1,1
0,0,1,1,0,0,0,1,0,0,1,0,0,1,0,0
0,0,0,1,0,1,0,0,0,0,1,0,0,0,0,0
0,1,1,0,0,1,0,0,1,0,0,1,1,1,1,0
0,0,0,0,0,0,0,0,1,0,0,1,0,0,0,1
1,1,0,0,1,0,0,0,1,1,1,1,0,1,1,1
0,0,1,1,1,1,1,0,0,0,1,1,0,0,0,0
0,1,0,0,0,0,1,0,0,1,1,1,1,1,1,0
0,0,1,1,1,0,0,1,1,0,0,1,0,0,0,0
0,1,0,0,1,0,0,0,1,1,1,1,1,1,1,1
0,0,1,0,1,0,1,1,0,0,0,1,0,0,0,1
1,0,0,0,1,1,1,0,1,1,0,0,0,0,1,1
0,1,1,1,1,1,0,0,1,0,0,1,0,0,0,0
0,0,0,1,1,1,0,1,1,1,1,1,1,1,0,1
0,0,0,0,0,0,0,0,1,0,0,0,0,0,0,0
0,0,1,0,1,0,1,0,0,0,0,0,0,1,0,1
1,1,0,1,1,0,0,1,1,1,0,0,0,0,0,0
1,1,0,0,1,0,1,0,1,0,1,1,1,1,1,1
1,0,1,0,1,1,0,1,0,0,0,0,0,0,1,0
1,1,0,0,0,1,1,0,0,0,1,0,0,0,1,1
1,0,0,0,0,0,0,0,1,0,0,0,1,1,0,1
1,0,0,0,0,1,0,0,0,0,1,0,0,0,1,0
1,0,1,1,0,1,0,1,1,0,1,0,1,0,1,1
0,1,0,1,1,0,1,0,0,0,1,0,1,0,0,1
0,0,0,1,1,0,1,0,0,0,0,0,0,1,0,0
1,1,0,1,1,1,0,1,1,1,0,0,0,0,0,1
1,0,1,0,1,0,1,0,0,0,1,0,1,0,0,1
0,1,0,1,1,1,0,1,1,0,1,1,0,0,1,0
1,1,0,1,1,1,1,0,1,1,0,0,1,1,1,1
1,0,0,1,0,1,1,0,0,0,1,1,0,0,0,0
1,1,0,0,1,0,0,0,1,1,1,0,1,1,1,1
1,0,0,1,1,1,0,1,0,1,1,0,1,1,1,1
0,1,0,0,1,1,1,1,1,0,0,0,0,0,1,1
0,0,0,0,0,1,0,0,0,0,0,0,0,1,0,0
1,0,0,1,1,1,1,0,1,1,1,1,1,1,0,1
0,0,0,1,1,0,0,0,0,0,0,1,1,1,0,0
0,1,0,1,0,0,0,1,0,1,1,1,0,0,0,0
1,1,1,1,0,0,0,1,1,0,1,0,1,0,0,1
1,0,0,1,0,1,0,0,0,0,1,0,0,0,0,0
0,0,0,0,0,1,0,1,0,0,0,0,0,0,0,0
1,0,0,0,1,1,0,1,1,0,0,0,0,1,1,0
0,0,0,0,0,0,0,0,1,0,0,1,0,0,0,0
0,1,0,0,0,0,1,1,1,1,0,1,1,0,1,1
0,0,1,0,0,0,0,0,1,0,1,0,0,0,0,0
1,0,1,1,1,0,0,1,1,1,0,1,1,1,0,1
0,0,0,1,0,0,0,0,0,0,0,0,0,0,0,0
0,0,1,0,0,0,0,0,0,1,0,0,1,0,1,0
0,1,1,1,1,1,1,0,1,1,1,1,0,1,0,1
1,0,1,1,1,1,1,0,1,1,1,0,1,0,0,1
0,0,0,0,0,1,0,0,0,0,0,0,1,1,0,0
0,0,0,1,1,1,0,1,0,0,1,1,0,1,1,1
0,0,0,0,1,0,0,0,0,1,0,0,1,0,0,0
0,0,0,0,1,1,0,1,0,0,0,0,1,1,0,0
0,0,1,1,0,0,0,1,0,0,0,0,0,1,1,1
1,1,1,0,1,1,0,0,1,0,0,0,0,0,0,1
0,1,0,1,0,0,0,1,1,0,0,0,0,0,0,0
1,0,1,0,0,0,0,1,1,1,0,0,0,1,0,1
0,0,0,0,0,1,0,0,0,0,1,0,0,0,1,0
0,0,0,0,0,0,0,0,1,1,0,0,0,0,1,1
1,0,1,0,0,1,1,0,1,0,0,0,0,0,0,0
1,0,0,0,1,0,1,0,1,0,1,0,0,1,1,0
0,0,0,0,0,0,1,0,0,0,0,1,1,0,0,0
0,0,1,0,0,0,1,0,0,1,1,1,0,0,0,0
0,0,0,1,0,0,0,0,1,0,0,0,1,0,0,0
1,0,1,0,0,0,1,1,1,1,0,0,0,0,1,0
1,0,1,0,0,0,1,1,0,1,1,1,0,0,1,1
1,0,1,1,1,1,1,1,0,1,0,1,1,0,0,1
0,0,0,0,1,1,1,0,1,1,0,1,1,1,0,1
0,1,0,1,0,0,1,1,0,0,0,0,0,0,0,1
0,0,1,1,0,1,1,0,0,0,0,0,0,0,0,0
0,1,0,0,0,1,1,0,0,1,0,0,0,0,1,1
1,1,1,0,1,1,1,0,1,1,0,0,1,0,0,1
1,0,0,0,0,0,0,0,1,1,0,1,0,0,1,0
0,0,0,1,0,1,0,0,0,1,0,1,1,0,0,1
0,1,0,0,0,0,0,0,0,0,0,0,0,1,0,0
0,1,1,0,0,1,0,1,0,0,0,1,0,0,1,0
1,1,0,1,1,1,1,0,0,0,0,0,0,0,1,0
0,0,0,1,0,0,0,0,0,0,0,0,0,0,0,0
0,1,0,1,0,1,0,1,0,1,0,1,1,1,0,1
0,0,0,1,0,0,0,0,1,0,0,0,0,0,0,0
1,0,1,0,0,0,0,0,0,1,0,0,0,0,0,1
0,0,0,1,0,1,0,0,1,1,1,1,0,0,0,1
1,0,0,0,0,0,0,0,1,0,0,0,0,0,0,0
0,1,0,0,1,1,0,1,0,0,0,1,0,0,1,1
1,0,0,1,1,1,0,0,0,1,0,0,0,1,1,0
0,0,0,0,0,1,0,0,0,0,0,1,0,0,1,0
0,0,0,0,1,0,1,1,1,1,0,1,0,1,0,0
0,0,0,1,0,1,1,1,1,1,1,0,1,1,1,1
0,1,0,1,0,0,0,0,1,0,1,0,0,1,1,0
0,1,0,0,0,1,1,0,0,1,0,0,1,1,1,0
0,1,1,0,0,1,0,1,1,1,0,0,0,1,0,0
0,1,1,0,0,0,1,1,1,0,1,0,0,1,0,1
1,0,0,1,1,1,0,1,0,1,1,1,1,0,0,0
0,0,0,0,1,1,0,0,1,0,0,0,0,0,0,0
1,1,0,1,1,1,1,0,0,0,0,1,1,0,0,0
0,1,1,1,0,1,0,1,0,0,0,0,0,0,1,0
1,0,0,0,1,1,0,1,1,0,0,0,0,1,1,0
0,0,1,0,0,0,0,0,0,0,0,0,0,0,0,1
0,0,1,0,0,0,0,0,0,0,0,0,0,0,0,1
0,1,0,0,0,1,0,1,0,0,0,1,1,1,1,0
1,0,1,1,0,0,0,0,0,1,0,0,1,0,1,0
1,1,1,0,1,0,1,1,1,1,1,0,0,1,1,0
1,0,1,0,1,1,0,1,0,1,0,1,1,1,1,1
0,0,1,0,0,0,1,1,0,0,1,0,0,0,0,0
0,0,0,0,1,0,1,0,1,1,1,1,0,1,0,1
0,0,0,1,0,1,0,1,0,0,0,0,0,1,1,1
1,0,0,1,0,0,0,1,1,0,0,0,0,0,0,0
0,0,1,0,0,1,0,1,1,0,0,1,0,0,0,0
0,0,1,0,0,0,0,1,1,0,1,0,1,0,1,0
0,0,0,1,0,0,0,0,1,0,0,0,0,1,0,1
0,1,0,0,1,0,0,0,0,0,0,0,0,0,0,0
0,1,0,1,0,0,0,0,0,0,0,0,0,0,1,0
1,1,1,1,0,0,0,0,1,1,0,0,0,1,0,1
1,0,0,0,0,1,1,1,1,1,0,1,1,1,1,1
0,0,0,1,0,0,0,0,0,0,0,1,1,0,0,0
0,0,0,0,0,0,0,0,1,0,0,1,0,0,0,0
0,1,0,1,0,0,0,1,0,0,1,1,0,0,1,0
0,1,0,0,1,0,0,0,0,1,1,1,0,0,1,1
1,0,1,0,0,1,0,0,0,0,0,0,0,1,1,1
1,1,1,0,0,1,1,0,0,1,1,1,0,0,1,1
1,1,1,1,0,1,0,0,1,0,1,1,0,0,0,0
1,1,1,0,0,1,0,1,0,1,1,0,1,0,1,0
0,0,1,0,1,0,1,1,0,1,1,0,0,1,0,1
0,1,0,0,1,1,0,0,0,1,0,1,1,1,1,0
1,0,1,1,0,1,0,1,1,0,0,1,1,1,1,1
0,0,0,1,0,0,0,0,1,0,0,0,1,1,0,0
1,0,1,0,1,1,0,0,0,1,1,0,0,0,0,0
0,1,0,1,0,0,1,1,1,1,0,0,1,1,1,1
0,0,0,1,0,1,0,1,1,0,1,1,1,0,0,0
1,0,1,1,0,1,0,0,1,1,1,1,0,1,0,0
0,0,0,0,0,0,0,0,0,0,1,0,0,0,0,0
0,0,0,0,0,1,0,0,0,0,0,0,0,0,0,0
0,0,1,0,1,0,0,0,1,1,1,0,0,0,0,0
1,1,1,1,1,0,0,0,1,1,1,0,1,0,0,0
0,1,0,1,0,0,0,0,0,0,1,1,1,0,0,0
1,0,0,1,0,1,0,1,0,0,1,1,0,0,0,1
0,0,1,0,1,1,1,0,1,1,0,0,1,0,1,1
0,0,0,1,1,0,0,1,0,0,0,0,1,0,0,0
0,0,1,0,1,0,1,0,1,1,0,0,0,1,0,0
0,0,0,0,0,0,0,0,0,0,0,1,1,0,0,0
0,1,1,0,0,0,0,0,1,0,0,1,1,0,0,0
0,0,1,0,1,1,0,1,0,0,0,1,1,1,0,0
0,1,1,1,1,1,1,1,1,1,0,0,1,0,1,1
1,0,0,1,1,0,1,1,0,1,1,1,1,0,0,0
1,1,1,0,0,1,0,1,0,1,0,0,1,1,1,1
0,1,1,1,0,0,1,1,1,0,0,0,0,0,0,1
0,0,1,0,1,1,1,1,1,0,0,1,0,1,1,0
0,1,0,1,0,0,0,1,0,0,0,0,0,0,0,0
0,0,0,0,0,0,0,1,0,0,0,0,0,0,0,0
0,0,0,0,0,0,0,1,1,1,0,1,1,0,0,0
0,1,1,0,0,0,1,1,0,0,0,1,0,0,1,0
0,0,0,0,0,0,0,0,0,0,1,0,0,0,0,0
0,1,0,0,1,0,0,0,0,0,1,1,0,0,0,0
0,0,0,0,0,0,0,0,0,1,0,0,0,0,0,0
0,0,1,0,0,1,1,0,0,1,1,1,0,1,1,1
0,0,1,0,1,0,0,1,1,0,0,1,0,0,1,1
1,1,0,0,1,0,0,1,0,0,0,0,0,1,0,0
1,1,0,0,1,0,1,0,0,1,0,0,1,0,1,1
0,1,0,0,1,1,1,1,0,0,0,0,1,0,1,0
0,0,0,0,0,0,1,0,0,0,0,1,0,0,0,1
0,1,0,0,1,1,1,0,0,0,0,1,1,1,1,0
0,0,1,1,1,0,1,0,1,0,0,1,0,1,1,1
0,0,1,0,0,0,1,0,0,1,0,0,0,1,0,0
0,0,0,0,0,0,1,0,0,0,0,0,0,1,0,0
1,0,0,1,0,1,1,1,1,1,1,1,1,0,0,1
0,0,0,0,0,0,0,1,0,0,0,0,0,0,0,0
1,0,1,1,0,0,0,0,0,1,1,1,0,0,0,0
0,0,1,0,1,0,1,0,0,1,0,0,1,0,0,1
0,0,0,0,1,0,0,1,1,0,0,1,0,0,0,0
0,0,1,0,0,0,1,0,0,0,0,0,1,0,0,0
1,1,0,1,1,0,1,1,0,1,1,0,1,1,1,0
0,1,0,0,0,0,1,0,0,0,0,0,1,0,0,1
0,0,0,1,0,1,0,0,0,0,1,0,0,0,0,0
0,1,1,0,0,0,1,1,0,0,1,1,1,1,1,1
1,1,1,0,1,1,1,1,1,1,1,1,1,0,1,0
1,0,0,1,0,0,0,0,0,1,0,0,0,0,1,0
0,0,0,0,1,0,1,1,0,0,0,0,0,0,0,0
0,0,1,0,0,0,0,1,0,0,1,0,0,1,1,0
1,1,1,0,1,1,0,1,0,0,1,0,1,1,1,1
0,0,1,1,1,1,1,1,1,0,0,0,1,1,0,0
0,1,0,0,0,0,0,0,0,0,0,0,0,1,0,0
0,0,0,0,0,0,0,0,0,0,0,1,0,0,0,0
0,1,0,0,0,0,0,1,0,0,0,0,0,0,0,1
1,0,0,0,0,0,0,0,0,0,0,1,1,1,0,1
0,1,1,0,1,1,0,1,0,1,0,0,1,0,0,0
0,0,0,1,1,1,1,1,0,1,0,1,0,0,0,1
1,0,1,0,1,1,0,0,0,1,0,0,0,0,0,0
1,0,1,0,0,0,0,0,0,1,1,0,0,1,0,0
0,0,0,1,0,0,0,0,0,0,0,0,1,0,0,0
1,0,0,0,0,1,0,1,0,0,1,0,0,1,0,0
0,1,1,0,0,0,0,1,1,1,0,1,1,1,0,0
0,0,0,0,0,0,0,0,0,1,1,1,1,0,0,1
0,0,1,0,1,1,0,1,0,0,1,1,1,0,0,0
0,0,1,0,0,0,0,0,0,0,1,0,0,0,0,0
0,0,1,1,1,1,1,0,0,1,0,1,0,0,0,1
0,0,0,1,0,0,0,0,0,0,1,0,1,0,0,0
1,1,0,0,0,1,0,1,1,0,0,1,1,1,1,1
1,0,0,0,1,1,0,0,0,1,0,0,1,0,1,1
1,0,1,0,0,0,1,1,0,1,0,1,0,0,0,0
0,1,0,1,0,0,0,1,1,1,1,1,0,1,0,1
1,0,1,0,0,0,0,0,0,0,0,1,0,0,0,0
1,0,1,1,1,1,0,1,0,0,1,1,0,0,1,0
1,1,1,1,0,1,0,1,1,0,1,1,0,0,1,1
0,0,0,1,1,0,1,0,0,1,0,0,0,1,1,1
0,0,1,1,0,0,1,0,1,1,1,1,0,0,1,0
1,1,1,0,0,1,1,0,0,0,0,0,0,0,0,0
1,1,1,0,0,1,1,1,0,0,0,0,1,0,1,1
0,0,1,1,1,1,0,1,1,0,1,1,0,0,1,0
1,0,0,0,0,1,0,0,1,0,1,0,0,0,1,0
0,0,1,1,0,0,1,0,0,0,1,1,0,0,0,0
0,1,0,0,0,0,0,0,1,1,0,0,0,0,0,0
0,1,0,0,1,0,1,0,0,1,0,0,0,0,0,1
0,1,1,1,1,1,0,1,0,0,0,0,0,0,0,0
0,0,0,0,1,0,0,0,0,0,0,0,0,0,0,0
0,0,1,0,0,0,0,1,1,0,1,0,0,1,0,1
1,0,1,0,0,0,1,1,1,1,1,1,0,0,1,1
1,0,1,1,1,0,1,0,1,1,1,0,0,0,1,1
0,1,0,1,0,1,0,0,1,0,1,1,1,1,1,1
0,1,1,0,1,0,0,0,0,0,1,0,1,0,1,0
0,1,0,1,0,0,1,0,0,0,1,0,1,0,1,0
1,1,0,1,1,0,1,0,1,0,0,1,1,1,1,1
1,0,0,0,0,0,0,0,0,0,0,0,0,0,0,0
1,1,0,1,0,1,0,1,1,0,1,1,0,1,0,1
1,1,0,1,1,1,0,1,0,1,0,0,0,0,0,0
0,0,0,1,0,1,1,0,1,1,0,1,1,1,0,1
0,1,0,0,0,0,1,0,0,1,0,0,0,0,0,1
0,0,0,0,0,1,1,0,0,1,0,0,0,1,1,1
0,0,0,1,0,0,0,0,0,0,0,0,0,1,0,1
1,0,0,1,0,0,0,1,1,1,1,1,1,0,0,1
1,0,0,1,1,1,0,0,1,0,0,1,1,1,1,0
0,1,1,1,1,0,1,1,1,1,0,1,0,0,1,1
0,1,1,0,1,0,0,1,0,0,1,1,1,0,0,0
1,0,0,1,0,1,0,1,0,0,0,0,0,0,0,1
0,1,0,1,1,0,0,1,0,0,1,0,1,0,0,1
0,0,0,0,0,0,1,1,1,0,0,0,0,1,1,0
1,0,1,0,0,0,0,1,1,1,0,0,1,1,0,0
1,0,1,0,1,0,0,0,1,1,1,0,1,0,1,0
0,1,0,1,0,1,0,1,0,1,0,0,0,1,1,0
0,0,0,0,1,0,1,0,0,0,0,0,0,0,1,1
0,1,1,0,1,1,0,0,1,1,1,0,0,1,0,1
0,1,1,0,1,0,0,1,1,1,1,1,1,0,0,0
1,1,0,0,0,1,0,1,0,1,1,1,0,1,0,1
0,0,0,0,0,0,0,1,0,0,0,0,0,0,0,0
0,0,0,0,1,1,1,0,1,1,1,0,1,0,0,0
1,0,0,1,0,0,1,0,1,0,1,1,0,0,0,1
0,1,0,0,0,0,1,0,0,0,0,0,0,0,0,0
0,1,1,0,1,0,1,1,0,1,0,0,0,0,0,1
1,0,0,0,1,0,0,1,0,0,0,0,0,0,1,0
0,0,1,1,0,0,0,0,1,1,1,0,1,0,1,0
1,0,1,0,1,1,1,1,1,0,0,0,0,1,0,1
0,1,1,0,0,0,0,0,0,0,0,1,0,1,0,0
1,1,0,0,1,0,1,1,1,1,0,1,0,1,1,0
1,1,0,0,0,1,1,0,0,1,1,1,0,1,0,1
0,0,0,0,1,1,0,0,0,0,0,0,0,0,0,0
0,0,1,0,0,1,0,0,1,1,0,0,0,0,0,0
0,0,1,1,1,0,1,1,0,0,0,0,1,0,0,0
1,1,0,1,0,1,0,0,1,1,1,0,0,0,1,0
1,0,0,1,0,0,0,0,1,1,1,0,0,0,0,0
1,1,0,0,1,0,0,0,1,1,0,1,0,0,0,0
1,0,0,0,1,1,0,1,1,0,1,1,0,0,0,1
0,0,0,0,0,0,0,0,1,1,0,1,0,0,1,1
0,1,0,0,0,0,0,0,0,0,0,0,0,1,0,0
0,0,0,0,0,1,0,0,0,0,0,0,0,0,0,0
0,0,1,0,0,1,1,1,0,1,1,0,1,0,1,1
0,1,0,0,0,0,0,0,0,0,1,0,0,0,0,1
0,1,1,1,1,0,0,1,0,0,0,0,1,0,0,0
1,0,1,0,0,0,1,0,0,1,0,1,0,1,1,0
1,1,0,0,0,0,0,1,0,0,0,0,1,1,0,0
1,1,1,0,1,1,0,1,1,0,0,0,0,1,1,1
0,0,0,0,0,0,1,0,0,0,0,0,0,0,0,1
1,0,0,0,1,0,1,0,0,0,0,0,0,1,0,1
1,0,0,0,1,0,0,0,0,1,0,0,0,0,1,1
1,1,1,0,1,0,0,0,0,1,0,0,0,0,1,1
0,0,0,1,0,0,0,0,0,0,1,0,0,1,0,0
0,0,0,1,1,0,1,0,1,0,1,0,1,0,0,0
1,0,0,1,1,1,1,0,1,1,0,1,1,0,0,1
0,1,1,1,0,0,0,0,0,1,0,0,0,0,1,1
0,0,1,1,0,1,1,1,1,0,1,1,1,1,0,1
1,0,1,1,1,1,0,0,0,1,0,1,0,0,0,1
0,0,1,1,0,1,1,0,0,0,0,0,1,0,0,0
0,0,0,0,1,0,1,1,0,1,1,0,0,0,0,0
0,1,0,0,0,0,1,0,0,0,1,0,0,0,0,0
0,0,0,0,0,0,0,0,0,1,0,0,0,0,0,0
1,1,0,0,0,1,0,0,1,0,1,0,1,0,1,1
1,0,1,0,0,0,1,1,0,1,1,0,0,1,0,1
0,0,0,1,0,0,0,0,0,0,1,0,0,1,1,1
0,0,0,1,0,0,0,0,0,0,0,0,0,0,0,0
1,0,0,0,1,1,0,0,0,1,0,0,0,0,1,0
0,1,1,1,1,1,0,1,1,1,0,1,0,0,1,0
1,0,1,1,0,1,1,1,0,1,1,1,1,0,0,0
1,0,1,0,1,0,1,1,0,0,1,1,1,1,1,0
0,0,0,1,0,0,1,1,0,0,0,1,0,0,0,0
0,0,0,0,0,0,0,0,0,1,1,0,0,0,0,1
0,1,0,0,0,1,0,0,1,1,1,0,0,1,1,0
0,0,0,1,0,1,0,0,0,0,0,0,0,0,1,0
1,0,1,1,1,0,0,1,1,0,1,0,1,0,0,1
0,1,0,1,0,1,1,1,1,1,0,0,0,1,0,1
1,1,0,0,0,0,1,1,1,1,0,1,0,1,0,1
0,1,0,0,0,0,0,0,1,0,0,0,0,0,0,1
1,1,1,1,1,1,0,0,0,0,0,1,0,0,1,0
0,0,1,0,0,0,0,0,0,1,0,1,1,0,1,0
1,1,1,0,0,1,1,1,1,1,0,1,0,1,1,0
0,1,1,0,0,1,0,1,0,1,1,1,1,0,1,0
0,0,1,1,0,0,1,0,1,1,1,0,0,0,0,1
0,0,0,1,0,0,0,1,0,1,1,1,1,1,0,1
0,1,1,0,0,1,1,0,0,1,0,1,0,0,0,1
0,1,0,1,0,0,1,0,1,0,1,0,0,0,0,0
0,1,0,1,1,1,1,1,1,0,1,1,1,0,1,0
0,1,1,0,0,0,0,1,0,0,0,1,0,0,0,1
0,1,1,0,0,1,0,0,0,0,1,1,1,0,0,1
1,0,1,1,0,0,0,1,1,0,0,1,1,1,1,0
0,1,1,1,0,0,0,0,0,0,1,1,1,0,1,1
1,0,0,1,1,0,1,0,0,0,1,1,0,0,0,0
0,0,0,1,1,1,0,1,1,1,1,0,0,0,1,0
1,1,1,1,1,1,1,0,1,0,1,0,1,1,1,0
0,0,0,0,0,1,0,1,0,0,1,0,0,0,0,0
1,1,1,0,0,0,1,0,1,0,1,1,0,0,1,1
0,0,0,0,1,1,1,1,1,0,1,0,0,0,0,1
0,0,0,1,1,0,0,1,1,1,0,1,0,1,1,0
0,0,0,0,0,0,1,0,0,0,0,1,0,0,0,1
0,0,0,0,1,0,0,0,1,1,0,0,0,1,1,0
0,0,0,0,0,0,0,0,1,0,1,0,1,0,0,1
1,0,0,1,0,1,1,0,1,1,0,0,0,1,1,0
1,1,0,0,1,0,0,1,1,0,0,0,1,1,1,1
1,1,0,0,0,1,0,1,0,1,0,1,0,1,1,1
0,0,1,0,0,0,0,0,0,0,0,0,0,1,0,0
0,0,1,0,0,1,1,0,1,1,1,1,1,1,0,1
1,1,1,0,1,1,0,0,1,1,0,1,1,0,0,0
0,0,0,0,0,0,0,0,0,1,0,0,0,1,0,0
0,1,0,1,0,1,1,0,0,0,0,1,1,0,0,0
1,0,1,1,0,1,0,0,0,0,1,0,0,0,0,0
0,0,0,0,0,0,1,0,0,0,1,0,0,1,1,0
0,0,0,1,0,1,1,0,0,0,0,1,0,0,1,0
0,0,0,0,0,0,1,0,0,0,0,0,0,0,0,0
0,0,0,0,0,0,1,0,0,0,0,0,1,1,0,0
0,0,0,0,0,1,1,0,0,0,0,0,1,1,0,0
0,0,0,1,0,0,1,0,0,0,0,0,0,0,0,0
0,1,0,1,0,0,1,0,0,0,0,0,0,1,0,0
0,1,1,0,1,0,0,0,0,0,0,0,1,0,0,1
0,0,1,1,1,0,1,0,0,0,1,0,1,1,1,0
1,0,0,1,0,0,1,0,1,0,0,0,1,0,1,0
1,1,0,1,1,1,1,0,0,0,1,0,1,0,1,0
0,0,0,1,0,1,0,0,1,1,0,0,1,0,0,1
0,1,0,0,0,1,0,1,1,0,1,0,1,1,0,0
0,0,0,0,0,0,0,0,0,0,0,0,0,1,0,0
0,0,0,0,0,0,1,1,1,0,0,0,0,0,0,1
0,0,1,1,1,0,0,0,0,1,1,0,1,0,1,0
0,0,0,0,0,0,0,1,0,0,0,0,0,0,0,0
0,0,0,0,0,0,0,0,1,0,0,0,0,0,0,0
0,0,0,0,0,0,0,1,0,0,0,1,0,0,1,0
0,1,1,0,1,0,1,1,0,1,0,1,1,1,0,1
1,0,1,0,1,1,0,0,0,1,0,1,1,1,0,1
0,1,1,1,1,0,0,0,1,0,1,0,1,0,0,0
0,0,1,1,1,0,1,1,0,1,0,0,1,1,0,0
0,1,0,0,0,1,0,1,0,1,0,0,0,0,0,0
1,1,1,1,0,0,1,0,0,1,1,1,1,0,1,1
1,0,0,0,0,0,1,0,0,0,0,1,0,0,1,0
0,0,1,0,0,1,1,0,1,0,1,0,1,0,1,1
0,1,0,1,0,0,1,1,0,1,1,1,1,0,1,0
0,0,0,0,1,1,1,0,0,1,1,0,1,1,0,0
0,0,1,1,0,1,0,0,1,0,0,1,0,1,0,1
0,1,0,1,1,1,1,1,0,0,1,0,0,0,1,1
1,1,0,0,0,0,0,0,1,0,0,0,1,1,1,1
1,0,0,0,0,1,1,0,0,1,1,0,0,0,0,1
0,0,0,0,0,0,0,0,0,1,0,0,0,1,0,0
0,0,0,0,0,0,1,0,0,0,1,1,1,1,1,0
1,1,0,0,0,0,0,0,0,0,0,1,1,1,1,1
0,0,0,1,0,0,0,0,0,0,0,0,0,0,1,0
1,0,0,1,0,0,0,0,1,1,0,0,1,0,1,1
0,1,0,1,1,0,0,1,0,0,1,0,1,0,0,1
0,0,0,1,1,0,1,0,1,0,1,1,0,1,0,0
0,0,0,0,0,0,1,0,1,0,0,0,0,0,0,0
0,0,0,0,1,0,1,1,0,0,0,1,1,0,0,0
0,0,0,0,0,0,0,0,0,0,0,0,1,0,0,0
0,1,1,0,1,0,0,1,1,1,1,1,1,0,0,1
0,0,1,0,1,0,0,0,0,0,0,0,0,0,0,1
1,0,0,0,0,0,1,0,0,0,0,0,1,0,1,1
0,0,1,0,0,0,0,0,1,0,0,0,1,0,0,1
0,1,1,1,0,1,1,0,0,1,1,0,0,1,0,1
0,1,0,0,0,1,1,0,0,0,1,1,1,1,1,0
0,0,1,0,0,0,0,1,0,1,0,0,0,1,0,1
0,1,0,1,1,0,1,0,0,1,1,0,1,0,0,1
0,0,0,1,0,0,0,1,1,0,0,0,1,0,1,1
1,0,1,0,0,1,0,0,1,0,0,0,0,0,0,0
1,1,0,0,0,1,0,0,1,1,1,1,0,0,1,1
0,1,0,1,1,1,0,1,0,1,0,1,0,1,0,1
0,0,0,0,0,0,1,1,0,0,0,1,1,0,0,0
1,0,1,1,0,1,0,0,0,0,0,1,0,1,1,0
1,0,1,0,1,1,1,1,1,1,0,0,0,1,0,1
0,1,0,0,0,0,0,1,0,0,1,1,1,0,1,0
1,0,1,0,0,1,0,1,1,0,1,1,0,1,0,0
0,1,1,1,1,0,1,0,1,0,1,0,0,1,1,0
0,0,1,0,0,0,0,0,0,0,0,0,0,0,0,0
0,0,0,0,0,0,1,0,0,0,0,0,0,0,0,0
0,1,0,1,1,0,0,0,0,0,0,0,0,0,0,0
1,1,0,0,0,1,1,0,1,1,0,0,1,1,1,0
1,0,1,0,1,0,0,0,0,0,0,0,0,0,0,0
0,1,0,1,1,0,1,1,1,1,0,0,1,1,0,0
1,0,1,0,1,0,1,0,1,1,0,0,0,0,0,1
1,0,1,1,0,0,0,1,1,1,0,0,0,0,0,0
0,1,0,0,0,1,0,1,0,0,1,1,1,0,1,0
0,0,0,0,0,0,0,0,0,0,0,1,0,0,0,0
0,1,1,1,0,0,0,1,1,1,1,1,1,1,0,0
1,0,1,1,0,0,1,1,1,1,1,0,1,0,1,1
0,1,0,0,1,1,1,0,0,0,1,1,1,0,0,1
0,0,1,1,1,0,1,0,1,1,0,0,1,0,0,1
1,0,1,1,1,0,1,1,0,1,0,1,0,1,1,1
1,1,1,1,0,0,1,0,0,0,1,0,0,0,1,1
0,0,1,0,0,0,1,0,0,0,0,0,0,0,0,0
1,0,0,0,1,0,1,0,0,1,0,0,0,1,1,1
0,0,0,0,1,1,1,1,0,0,0,0,1,0,1,0
1,1,0,0,0,0,1,0,0,0,1,1,0,0,0,0
0,0,0,0,0,1,0,0,1,0,0,1,1,0,1,0
1,1,1,1,1,0,0,1,0,0,0,1,1,1,0,1
0,1,0,1,1,1,0,1,1,1,1,1,0,1,0,1
1,0,0,0,0,0,1,1,0,0,0,0,0,0,1,0
0,0,0,0,0,0,1,0,0,1,0,0,0,0,0,0
1,0,0,0,0,0,1,1,0,1,1,0,0,1,1,1
1,1,1,0,0,0,0,0,0,0,0,1,0,1,0,0
0,0,0,0,1,0,0,0,0,1,0,0,1,0,0,0
1,1,1,1,0,1,0,1,1,0,1,0,0,1,0,1
1,1,1,0,0,0,1,0,0,0,0,0,0,1,0,0
1,0,1,0,0,0,0,1,0,0,0,1,0,0,1,1
1,0,1,1,1,1,1,1,1,0,0,1,1,1,1,0
0,1,0,1,0,1,1,0,0,1,0,1,0,1,1,1
0,1,1,0,1,0,0,1,1,0,0,1,0,1,0,1
0,0,1,0,0,1,0,1,0,1,1,1,1,1,0,1
0,1,0,0,1,1,1,0,0,0,0,0,0,0,0,1
1,1,0,0,1,0,1,0,0,1,0,0,0,0,0,0
0,0,1,0,0,0,1,1,1,0,0,0,1,0,0,1
0,1,0,1,1,0,1,1,1,0,0,0,1,0,1,0
0,1,0,0,0,1,0,0,0,1,0,1,1,0,1,0
1,1,0,1,1,0,0,1,1,0,1,0,1,1,1,1
0,1,0,1,0,1,0,1,0,1,0,1,1,0,1,1
0,0,1,1,1,1,0,0,0,1,1,1,1,0,0,0
0,0,0,1,0,0,0,0,0,0,0,0,0,0,1,0
0,0,0,0,0,0,1,0,1,0,0,0,0,0,1,0
0,1,0,1,0,0,0,0,1,0,1,1,0,0,1,0
1,1,1,0,0,0,0,0,0,0,0,0,1,0,1,0
0,0,0,0,0,0,1,0,0,0,0,1,0,1,0,1
0,1,1,1,1,1,0,1,1,1,0,1,0,0,1,1
0,0,0,1,1,0,0,1,1,0,1,1,0,1,0,1
0,1,1,0,0,0,1,1,0,1,1,1,1,1,0,0
0,1,0,1,1,0,0,0,0,1,1,1,0,0,1,1
0,0,0,1,0,0,0,0,1,0,0,0,1,0,0,0
1,0,1,0,0,1,1,0,0,1,1,1,0,1,1,0
1,1,1,0,0,1,1,1,1,1,0,0,1,0,0,0
0,0,0,1,1,1,1,1,1,1,0,0,0,0,1,1
1,1,1,0,1,0,1,1,1,1,1,1,1,0,0,0
1,0,0,1,0,0,1,1,1,1,1,0,0,1,1,0
1,1,1,1,0,1,1,0,1,1,0,0,1,0,0,1
0,0,1,0,0,0,0,1,0,0,0,0,0,0,0,0
0,1,1,1,1,0,0,1,1,1,0,0,1,0,0,1
1,0,0,0,0,0,1,0,0,0,0,0,0,0,0,0
1,0,1,0,0,1,0,0,0,1,0,0,1,1,0,1
0,1,1,1,1,1,0,0,1,1,1,1,1,0,1,1
0,0,1,1,0,0,0,1,1,0,1,0,0,1,1,0
1,0,0,1,1,1,1,0,1,1,1,1,0,1,1,1
1,1,0,1,0,0,0,0,1,0,1,0,1,1,0,0
0,1,0,0,1,0,1,0,1,0,0,1,0,0,0,0
1,1,1,1,1,0,0,1,0,0,0,1,0,1,0,1
1,0,1,0,1,1,0,1,1,1,1,1,1,0,0,0
0,0,0,0,1,1,0,0,0,0,0,0,0,0,0,0
1,1,0,0,1,1,0,1,1,0,1,0,1,0,0,0
1,1,1,0,0,0,0,0,1,1,0,1,0,1,1,0
0,0,1,0,1,1,0,1,0,0,1,1,0,0,0,1
0,1,1,1,1,0,0,1,0,0,0,1,1,1,1,1
0,0,1,0,0,1,1,0,0,0,1,0,1,0,1,0
0,0,1,0,1,1,1,0,0,0,1,1,0,0,0,0
0,0,1,0,1,0,1,0,1,0,1,1,1,0,1,1
0,0,0,0,0,0,0,0,0,1,1,0,1,0,0,0
1,1,0,1,1,0,0,0,1,1,1,1,1,1,1,1
1,0,0,0,1,1,0,1,1,1,0,0,0,1,0,1
0,0,1,0,0,1,1,0,1,0,0,0,0,0,1,0
0,1,1,0,0,0,0,1,1,1,0,0,0,1,0,0
0,0,1,0,1,1,0,1,0,1,0,1,0,1,0,1
0,0,0,0,0,0,0,1,0,0,1,1,0,0,0,1
1,1,1,0,0,0,0,1,1,0,1,1,1,1,1,1
0,0,1,0,0,0,0,1,1,0,0,0,1,1,0,0
0,0,1,0,0,1,1,1,0,1,1,0,0,1,1,1
1,1,0,1,0,0,0,0,0,0,1,1,0,0,0,0
1,1,0,0,1,0,0,1,0,0,1,1,1,1,0,0
1,0,1,1,1,1,0,0,0,0,1,0,1,0,1,1
1,1,0,0,1,1,1,0,1,1,0,0,0,0,1,1
0,0,0,1,0,0,0,0,1,0,0,1,0,0,0,1
0,0,0,1,0,1,0,0,0,1,1,0,0,0,0,1
0,0,0,1,0,0,1,0,0,0,0,1,1,1,1,0
1,0,0,0,0,1,0,0,1,1,0,0,0,0,0,0
1,1,1,1,1,1,1,0,0,1,0,0,0,1,1,1
0,0,1,0,1,0,0,0,0,0,0,0,0,0,0,0
0,1,1,1,0,0,0,0,1,0,1,0,1,1,0,1
1,0,1,1,0,0,1,0,0,0,0,1,1,0,1,0
1,1,0,1,0,1,1,1,0,1,0,1,0,1,1,1
0,1,0,0,1,0,0,0,0,0,0,0,0,1,0,0
1,0,0,1,1,1,1,0,1,0,0,1,1,1,0,1
0,0,0,0,0,0,1,0,1,0,1,0,0,0,1,0
0,1,1,0,0,1,0,1,1,0,0,0,1,0,0,0
1,0,0,0,0,1,0,0,0,1,0,0,1,1,0,0
0,0,0,0,0,1,0,0,0,0,1,0,0,0,0,0
0,1,1,1,1,0,1,0,1,1,0,1,1,1,0,0
0,1,0,0,0,0,0,1,0,0,0,0,0,1,0,0
1,1,1,1,1,1,0,1,1,0,1,1,1,0,0,0
0,1,1,0,1,1,0,1,1,1,1,0,1,0,1,0
0,1,1,1,1,0,0,0,0,1,0,0,0,0,0,1
0,1,0,1,0,0,0,0,0,1,0,0,0,1,1,1
1,0,0,1,1,1,1,1,1,1,1,0,1,1,0,0
1,0,0,0,0,1,0,1,1,0,0,0,0,0,0,0
0,0,0,1,1,1,1,1,1,1,0,0,1,0,0,0
0,1,1,0,1,0,1,0,1,1,1,0,0,1,1,0
1,0,0,0,1,1,1,0,0,1,0,0,1,0,0,0
0,0,0,0,0,0,1,0,0,0,0,0,0,0,0,0
1,0,0,1,0,1,0,1,1,1,0,1,1,1,1,0
1,1,0,1,1,0,1,1,1,1,1,0,0,0,1,0
0,1,0,1,0,0,1,0,1,0,0,0,1,1,1,1
1,1,0,0,0,0,0,0,1,1,1,0,1,1,1,1
0,1,1,1,0,0,0,1,1,0,1,0,0,0,1,1
0,0,1,0,0,0,1,1,1,1,1,1,1,0,1,1
1,0,1,0,1,0,0,1,0,0,1,0,0,1,0,0
1,1,1,0,1,0,0,1,0,0,1,1,0,0,0,1
0,1,1,0,1,0,1,1,1,1,1,0,0,1,1,0
1,0,1,0,1,1,0,0,0,1,1,1,0,1,1,1
1,0,1,0,0,1,0,0,1,1,1,0,0,1,0,1
0,0,1,0,1,1,0,0,0,0,0,0,0,1,1,0
0,1,1,0,0,1,0,1,1,1,1,1,0,0,1,1
0,0,0,0,1,0,0,0,0,1,1,1,1,0,1,1
0,1,1,1,0,1,1,1,1,0,0,0,0,1,0,1
0,0,0,0,0,0,0,0,0,0,0,0,0,0,1,0
0,1,0,0,0,0,0,1,0,0,0,0,0,0,0,1
0,1,1,1,1,0,0,1,1,1,1,0,1,0,0,0
0,0,1,0,0,0,0,0,0,0,0,1,0,0,0,0
0,0,1,0,0,0,0,0,0,0,0,1,0,0,1,1
1,1,1,0,1,0,1,1,1,0,1,0,0,1,1,1
0,0,0,0,1,1,0,0,0,0,0,1,0,0,0,0
1,0,0,0,0,0,1,0,1,1,0,0,0,0,0,0
1,0,1,1,0,1,1,1,1,0,0,0,1,1,0,1
0,1,0,1,0,1,1,1,1,1,1,1,1,1,1,0
0,0,0,0,0,0,0,0,0,0,1,0,1,0,0,0
1,1,1,0,0,0,0,1,0,1,1,0,0,1,0,0
1,1,0,0,1,1,0,0,1,0,0,1,1,0,1,1
0,0,0,0,0,0,1,0,0,0,0,0,0,0,0,0
0,0,1,1,0,0,1,0,0,1,1,1,1,1,0,0
0,1,0,0,0,1,0,1,0,1,1,0,0,1,0,1
1,0,1,0,1,0,0,1,1,0,0,0,1,0,0,0
0,0,1,0,0,1,0,0,0,0,0,1,1,1,0,1
0,1,0,0,0,0,1,0,0,0,0,0,0,1,0,1
1,0,0,0,1,0,0,0,1,1,1,0,0,0,1,0
1,0,0,0,1,1,0,0,0,0,0,0,1,0,0,1
0,0,1,1,1,0,1,1,1,0,1,0,1,0,1,1
0,0,0,0,0,0,0,0,0,1,0,0,0,0,0,1
